create user springuser identified  by 'password01';
grant all privileges on *.* to springuser;
select * from mysql.user where mysql.user.User='springuser';
update mysql.user  set Host='localhost' where User='springuser';

DROP DATABASE svk_blog_data;
CREATE DATABASE svk_blog_data;
------------
CREATE TABLE `svk_blog_data`.`POST` (
  `POST_ID` INT UNSIGNED NOT NULL,
  `BODY` LONGTEXT NULL,
  `CREATE_DATE` LONGTEXT NULL,
  `TITLE` VARCHAR(45) NULL,
  `USER_ID` INT NULL,
  PRIMARY KEY (`POST_ID`),
  UNIQUE INDEX `POST_ID_UNIQUE` (`POST_ID` ASC));

ALTER TABLE `svk_blog_data`.`post` 
CHANGE COLUMN `POST_ID` `POST_ID` INT(10) UNSIGNED NOT NULL AUTO_INCREMENT ;

----------
CREATE TABLE `svk_blog_data`.`COMMENT` (
  `COMMENT_ID` INT UNSIGNED NOT NULL,
  `BODY` LONGTEXT NULL,
  `CREATE_DATE` VARCHAR(45) NULL,
  `POST_ID` INT NULL,
  `USER_ID` INT NULL,
  PRIMARY KEY (`COMMENT_ID`),
  UNIQUE INDEX `COMMENT_ID_UNIQUE` (`COMMENT_ID` ASC));
---------------
CREATE TABLE `svk_blog_data`.`ROLE` (
  `ROLE_ID` INT UNSIGNED NOT NULL,
  `ROLE` VARCHAR(45) NULL,
  PRIMARY KEY (`ROLE_ID`));
-----
CREATE TABLE `svk_blog_data`.`USER_ROLE` (
  `USER_ID` INT NOT NULL,
  `ROLE_ID` INT NOT NULL);
----------------------------------------
CREATE TABLE `svk_blog_data`.`USER` (
  `USER_ID` INT UNSIGNED NOT NULL,
  `ACTIVE` INT NULL,
  `EMAIL` VARCHAR(255) NULL,
  `LAST_NAME` VARCHAR(255) NULL,
  `NAME` VARCHAR(255) NULL,
  `PASSWORD` VARCHAR(255) NULL,
  `USERNAME` VARCHAR(255) NULL,
  PRIMARY KEY (`USER_ID`),
  UNIQUE INDEX `USER_ID_UNIQUE` (`USER_ID` ASC));
-----------------
INSERT INTO svk_blog_data.ROLE (role_id, role)
VALUES (1, 'ROLE_ADMIN');
INSERT INTO svk_blog_data.ROLE (role_id, role)
VALUES (2, 'ROLE_USER');

---------
INSERT INTO svk_blog_data.USER (user_id, password, email, username, name, last_name, active)
VALUES
  (1, '$2a$06$OAPObzhRdRXBCbk7Hj/ot.jY3zPwR8n7/mfLtKIgTzdJa4.6TwsIm', 'user@mail.com', 'user', 'Name', 'Surname',
   1);
INSERT INTO svk_blog_data.USER (user_id, password, email, username, name, last_name, active)
VALUES
  (2, '$2a$06$OAPObzhRdRXBCbk7Hj/ot.jY3zPwR8n7/mfLtKIgTzdJa4.6TwsIm', 'kate.kroshka@gmail.com', 'kate', 'Kate', 'Kroshka', 1);
INSERT INTO svk_blog_data.USER (user_id, password, email, username, name, last_name, active)
VALUES (3, '$2a$06$OAPObzhRdRXBCbk7Hj/ot.jY3zPwR8n7/mfLtKIgTzdJa4.6TwsIm', 'svk@mail.com', 'Sergii', 'Sergii', 'Kroshka', 1);
---
ALTER TABLE `svk_blog_data`.`POST` 
CHANGE COLUMN `CREATE_DATE` `CREATE_DATE` TIMESTAMP NOT NULL DEFAULT CURRENT_TIMESTAMP ON UPDATE CURRENT_TIMESTAMP ;
---
INSERT INTO svk_blog_data.POST (post_id, user_id, title, body, create_date)
VALUES (1, 1, 'Title 1',
        '"Lorem ipsum dolor sit amet, consectetur adipiscing elit, sed do eiusmod tempor incididunt ut labore et dolore magna aliqua. Ut enim ad minim veniam, quis nostrud exercitation ullamco laboris nisi ut aliquip ex ea commodo consequat. Duis aute irure dolor in reprehenderit in voluptate velit esse cillum dolore eu fugiat nulla pariatur. Excepteur sint occaecat cupidatat non proident, sunt in culpa qui officia deserunt mollit anim id est laborum."',
        --         CURRENT_TIMESTAMP());
        {ts '2016-10-19 11:10:13.247'});
INSERT INTO svk_blog_data.POST (post_id, user_id, title, body, create_date)
VALUES (2, 1, 'Title 2',
        '"Lorem ipsum dolor sit amet, consectetur adipiscing elit, sed do eiusmod tempor incididunt ut labore et dolore magna aliqua. Ut enim ad minim veniam, quis nostrud exercitation ullamco laboris nisi ut aliquip ex ea commodo consequat. Duis aute irure dolor in reprehenderit in voluptate velit esse cillum dolore eu fugiat nulla pariatur. Excepteur sint occaecat cupidatat non proident, sunt in culpa qui officia deserunt mollit anim id est laborum."',
        --         CURRENT_TIMESTAMP());
        {ts '2016-11-10 11:10:13.247'});
INSERT INTO svk_blog_data.POST (post_id, user_id, title, body, create_date)
VALUES (3, 1, 'Title 3',
        '"Lorem ipsum dolor sit amet, consectetur adipiscing elit, sed do eiusmod tempor incididunt ut labore et dolore magna aliqua. Ut enim ad minim veniam, quis nostrud exercitation ullamco laboris nisi ut aliquip ex ea commodo consequat. Duis aute irure dolor in reprehenderit in voluptate velit esse cillum dolore eu fugiat nulla pariatur. Excepteur sint occaecat cupidatat non proident, sunt in culpa qui officia deserunt mollit anim id est laborum."',
        CURRENT_TIMESTAMP());
INSERT INTO svk_blog_data.POST (post_id, user_id, title, body, create_date)
VALUES (4, 1, 'Title 4',
        '"Lorem ipsum dolor sit amet, consectetur adipiscing elit, sed do eiusmod tempor incididunt ut labore et dolore magna aliqua. Ut enim ad minim veniam, quis nostrud exercitation ullamco laboris nisi ut aliquip ex ea commodo consequat. Duis aute irure dolor in reprehenderit in voluptate velit esse cillum dolore eu fugiat nulla pariatur. Excepteur sint occaecat cupidatat non proident, sunt in culpa qui officia deserunt mollit anim id est laborum."',
        CURRENT_TIMESTAMP());
INSERT INTO svk_blog_data.POST (post_id, user_id, title, body, create_date)
VALUES (5, 1, 'Title 5',
        '"Lorem ipsum dolor sit amet, consectetur adipiscing elit, sed do eiusmod tempor incididunt ut labore et dolore magna aliqua. Ut enim ad minim veniam, quis nostrud exercitation ullamco laboris nisi ut aliquip ex ea commodo consequat. Duis aute irure dolor in reprehenderit in voluptate velit esse cillum dolore eu fugiat nulla pariatur. Excepteur sint occaecat cupidatat non proident, sunt in culpa qui officia deserunt mollit anim id est laborum."',
        CURRENT_TIMESTAMP());
INSERT INTO svk_blog_data.POST (post_id, user_id, title, body, create_date)
VALUES (6, 1, 'Title 6',
        '"Lorem ipsum dolor sit amet, consectetur adipiscing elit, sed do eiusmod tempor incididunt ut labore et dolore magna aliqua. Ut enim ad minim veniam, quis nostrud exercitation ullamco laboris nisi ut aliquip ex ea commodo consequat. Duis aute irure dolor in reprehenderit in voluptate velit esse cillum dolore eu fugiat nulla pariatur. Excepteur sint occaecat cupidatat non proident, sunt in culpa qui officia deserunt mollit anim id est laborum."',
        CURRENT_TIMESTAMP());
INSERT INTO svk_blog_data.POST (post_id, user_id, title, body, create_date)
VALUES (7, 2, 'Title 7',
        '"Lorem ipsum dolor sit amet, consectetur adipiscing elit, sed do eiusmod tempor incididunt ut labore et dolore magna aliqua. Ut enim ad minim veniam, quis nostrud exercitation ullamco laboris nisi ut aliquip ex ea commodo consequat. Duis aute irure dolor in reprehenderit in voluptate velit esse cillum dolore eu fugiat nulla pariatur. Excepteur sint occaecat cupidatat non proident, sunt in culpa qui officia deserunt mollit anim id est laborum."',
        CURRENT_TIMESTAMP());
INSERT INTO svk_blog_data.POST (post_id, user_id, title, body, create_date)
VALUES (8, 2, 'Title 8',
        '"Lorem ipsum dolor sit amet, consectetur adipiscing elit, sed do eiusmod tempor incididunt ut labore et dolore magna aliqua. Ut enim ad minim veniam, quis nostrud exercitation ullamco laboris nisi ut aliquip ex ea commodo consequat. Duis aute irure dolor in reprehenderit in voluptate velit esse cillum dolore eu fugiat nulla pariatur. Excepteur sint occaecat cupidatat non proident, sunt in culpa qui officia deserunt mollit anim id est laborum."',
        CURRENT_TIMESTAMP());
INSERT INTO svk_blog_data.POST (post_id, user_id, title, body, create_date)
VALUES (9, 2, 'Title 9',
        '"Lorem ipsum dolor sit amet, consectetur adipiscing elit, sed do eiusmod tempor incididunt ut labore et dolore magna aliqua. Ut enim ad minim veniam, quis nostrud exercitation ullamco laboris nisi ut aliquip ex ea commodo consequat. Duis aute irure dolor in reprehenderit in voluptate velit esse cillum dolore eu fugiat nulla pariatur. Excepteur sint occaecat cupidatat non proident, sunt in culpa qui officia deserunt mollit anim id est laborum."',
        CURRENT_TIMESTAMP());
INSERT INTO svk_blog_data.POST (post_id, user_id, title, body, create_date)
VALUES (10, 2, 'Title 10',
        '"Lorem ipsum dolor sit amet, consectetur adipiscing elit, sed do eiusmod tempor incididunt ut labore et dolore magna aliqua. Ut enim ad minim veniam, quis nostrud exercitation ullamco laboris nisi ut aliquip ex ea commodo consequat. Duis aute irure dolor in reprehenderit in voluptate velit esse cillum dolore eu fugiat nulla pariatur. Excepteur sint occaecat cupidatat non proident, sunt in culpa qui officia deserunt mollit anim id est laborum."',
        CURRENT_TIMESTAMP());
INSERT INTO svk_blog_data.POST (post_id, user_id, title, body, create_date)
VALUES (11, 3, 'Title 11',
        '"Lorem ipsum dolor sit amet, consectetur adipiscing elit, sed do eiusmod tempor incididunt ut labore et dolore magna aliqua. Ut enim ad minim veniam, quis nostrud exercitation ullamco laboris nisi ut aliquip ex ea commodo consequat. Duis aute irure dolor in reprehenderit in voluptate velit esse cillum dolore eu fugiat nulla pariatur. Excepteur sint occaecat cupidatat non proident, sunt in culpa qui officia deserunt mollit anim id est laborum."',
        CURRENT_TIMESTAMP());
INSERT INTO svk_blog_data.POST (post_id, user_id, title, body, create_date)
VALUES (12, 3, 'Title 12',
        '"Lorem ipsum dolor sit amet, consectetur adipiscing elit, sed do eiusmod tempor incididunt ut labore et dolore magna aliqua. Ut enim ad minim veniam, quis nostrud exercitation ullamco laboris nisi ut aliquip ex ea commodo consequat. Duis aute irure dolor in reprehenderit in voluptate velit esse cillum dolore eu fugiat nulla pariatur. Excepteur sint occaecat cupidatat non proident, sunt in culpa qui officia deserunt mollit anim id est laborum."',
        CURRENT_TIMESTAMP());

--
ALTER TABLE `svk_blog_data`.`COMMENT` 
CHANGE COLUMN `COMMENT_ID` `COMMENT_ID` INT(10) UNSIGNED NOT NULL AUTO_INCREMENT ;
---
INSERT INTO svk_blog_data.COMMENT (post_id, user_id, body, create_date)
VALUES (1, 1,
        '"Lorem ipsum dolor sit amet, consectetur adipiscing elit, sed do eiusmod tempor incididunt ut labore et dolore magna aliqua. Ut enim ad minim veniam, quis nostrud exercitation ullamco laboris nisi ut aliquip ex ea commodo consequat. Duis aute irure dolor in reprehenderit in voluptate velit esse cillum dolore eu fugiat nulla pariatur. Excepteur sint occaecat cupidatat non proident, sunt in culpa qui officia deserunt mollit anim id est laborum."',
        CURRENT_TIMESTAMP());
INSERT INTO svk_blog_data.COMMENT (post_id, user_id, body, create_date)
VALUES (1, 2,
        '"Lorem ipsum dolor sit amet, consectetur adipiscing elit, sed do eiusmod tempor incididunt ut labore et dolore magna aliqua. Ut enim ad minim veniam, quis nostrud exercitation ullamco laboris nisi ut aliquip ex ea commodo consequat. Duis aute irure dolor in reprehenderit in voluptate velit esse cillum dolore eu fugiat nulla pariatur. Excepteur sint occaecat cupidatat non proident, sunt in culpa qui officia deserunt mollit anim id est laborum."',
        CURRENT_TIMESTAMP());
INSERT INTO svk_blog_data.COMMENT (post_id, user_id, body, create_date)
VALUES (1, 3,
        '"Lorem ipsum dolor sit amet, consectetur adipiscing elit, sed do eiusmod tempor incididunt ut labore et dolore magna aliqua. Ut enim ad minim veniam, quis nostrud exercitation ullamco laboris nisi ut aliquip ex ea commodo consequat. Duis aute irure dolor in reprehenderit in voluptate velit esse cillum dolore eu fugiat nulla pariatur. Excepteur sint occaecat cupidatat non proident, sunt in culpa qui officia deserunt mollit anim id est laborum."',
        CURRENT_TIMESTAMP());
INSERT INTO svk_blog_data.COMMENT (post_id, user_id, body, create_date)
VALUES (6, 1,
        '"Lorem ipsum dolor sit amet, consectetur adipiscing elit, sed do eiusmod tempor incididunt ut labore et dolore magna aliqua. Ut enim ad minim veniam, quis nostrud exercitation ullamco laboris nisi ut aliquip ex ea commodo consequat. Duis aute irure dolor in reprehenderit in voluptate velit esse cillum dolore eu fugiat nulla pariatur. Excepteur sint occaecat cupidatat non proident, sunt in culpa qui officia deserunt mollit anim id est laborum."',
        CURRENT_TIMESTAMP());
INSERT INTO svk_blog_data.COMMENT (post_id, user_id, body, create_date)
VALUES (6, 2,
        '"Lorem ipsum dolor sit amet, consectetur adipiscing elit, sed do eiusmod tempor incididunt ut labore et dolore magna aliqua. Ut enim ad minim veniam, quis nostrud exercitation ullamco laboris nisi ut aliquip ex ea commodo consequat. Duis aute irure dolor in reprehenderit in voluptate velit esse cillum dolore eu fugiat nulla pariatur. Excepteur sint occaecat cupidatat non proident, sunt in culpa qui officia deserunt mollit anim id est laborum."',
        CURRENT_TIMESTAMP());
INSERT INTO svk_blog_data.COMMENT (post_id, user_id, body, create_date)
VALUES (6, 3,
        '"Lorem ipsum dolor sit amet, consectetur adipiscing elit, sed do eiusmod tempor incididunt ut labore et dolore magna aliqua. Ut enim ad minim veniam, quis nostrud exercitation ullamco laboris nisi ut aliquip ex ea commodo consequat. Duis aute irure dolor in reprehenderit in voluptate velit esse cillum dolore eu fugiat nulla pariatur. Excepteur sint occaecat cupidatat non proident, sunt in culpa qui officia deserunt mollit anim id est laborum."',
        CURRENT_TIMESTAMP());
----
INSERT INTO svk_blog_data.USER_ROLE (user_id, role_id)
VALUES (1, 1);
INSERT INTO svk_blog_data.USER_ROLE (user_id, role_id)
VALUES (1, 2);
INSERT INTO svk_blog_data.USER_ROLE (user_id, role_id)
VALUES (2, 2);
INSERT INTO svk_blog_data.USER_ROLE (user_id, role_id)
VALUES (3, 2);



